"Order ID","Order Date","Billing First Name","Billing Last Name","Customer Account Email Address","Product ID","Product Name","Hire Period"
3275,2013-07-26,Mark,Docherty,docherty.mark@gmail.com,1109,"Andes 6 &#8220;Folding&#8221; Crosstrainer",
3276,2013-07-29,Barry,Bryce,barrybryce@gmail.com,3259,"Kay Metzeler Crush Mat Safety Mattress",
3316,2013-08-09,Lena,Patel,lena_sxc69@hotmail.com,276,"5 kg Chrome Dumbbells ",
3352,2013-08-15,Ehud,Gon-Paz,principal@meridiancollege.co.uk,1922,"Abdominal and Back Machine by BodyMax ""Pro 2"" ",
3362,2013-08-25,Ehud,Gon-Paz,principal@meridiancollege.co.uk,1910,"Leg Extension Leg Curl Machine by BodyMax ""Pro 2"" ",
3369,2013-08-30,Sharo,Garrett,sharon_garrett@nexeninc.com,2989,"Horizon Tempo T905 Treadmill EX HIRE",
3690,2013-09-05,viktor,stancu,viktorstancu@yahoo.co.uk,296,"22.5 kg Chrome Dumbbells ",
3704,2013-09-06,Ehud,Gon-Paz,principal@meridiancollege.co.uk,1897,"Lat/Row Pulley 250 by BodyMax ""Pro 2"" ",
3704,2013-09-06,Ehud,Gon-Paz,principal@meridiancollege.co.uk,1916,"Rear Deltoid and Pec Fly Machine by BodyMax ""Pro 2"" ",
3918,2013-10-09,Helen,Stanistreet,helen.stanistreet@northtyneside.gov.uk,3753,"Ab Cradle",
3989,2013-10-21,Rebecca,Downie,bdownie@hotmail.co.uk,1831,"The &#8220;S3 Plus&#8221; Spinning Bike",
4077,2013-12-14,edmund,plested,edemund.plested@ntlworld.com,2824,"The Horizon “Elite T4000″ Treadmill",
4081,2014-01-08,COLIN,DAVIES,mothergimed@hotmail.com,1683,"The Horizon “Adventure 5″ Plus Treadmill",
4083,2014-01-08,tom,chung,tomchung07@hotmail.com,332,"Black Rubber Hex Dumbbells (pair) 12.5kg",
4139,2014-01-24,bruce,whanya,brucewhanya@hotmail.com,332,"Black Rubber Hex Dumbbells (pair) 12.5kg",
4139,2014-01-24,bruce,whanya,brucewhanya@hotmail.com,338,"Black Rubber Hex Dumbbells (pair) 17.5kg",
4140,2014-01-24,brain,wayne,ordinarymatei@outlook.com,332,"Black Rubber Hex Dumbbells (pair) 12.5kg",
4140,2014-01-24,brain,wayne,ordinarymatei@outlook.com,338,"Black Rubber Hex Dumbbells (pair) 17.5kg",
4143,2014-01-27,bruce,whan,martinmuku@hotmail.com,338,"Black Rubber Hex Dumbbells (pair) 17.5kg",
4143,2014-01-27,bruce,whan,martinmuku@hotmail.com,332,"Black Rubber Hex Dumbbells (pair) 12.5kg",
4144,2014-01-31,bruce,whayne,ordinarymatei@outlook.com,338,"Black Rubber Hex Dumbbells (pair) 17.5kg",
4144,2014-01-31,bruce,whayne,ordinarymatei@outlook.com,332,"Black Rubber Hex Dumbbells (pair) 12.5kg",
4168,2014-02-14,Alan,Gallacher,r.reynolds@energy-fitpro.co.uk,3684,"Black Rubber Hex Dumbbells (pair) 40kg",
4194,2014-02-23,bruce,whayne,vechidiki@hotmail.co.uk,345,"Black Rubber Hex Dumbbells (pair) 25kg",
4197,2014-02-24,Brenda,Kintrea,bhs.kintrea@btinternet.com,3253,"Kay Metzeler Super Light Mats",
4203,2014-02-24,Brenda,Kintrea,bha.kintrea@btinternet.com,3253,"Kay Metzeler Super Light Mats",
4218,2014-02-26,jgjhgjg,jhgjhg,tester@inigo.net,1696,"The Horizon “Elite E4000″ Elliptical Trainer",
4221,2014-02-26,Norman,Thomson,ngtsjt@hotmail.com,1696,"The Horizon &#8220;Elite E4000&#8243; Elliptical Trainer",
4226,2014-02-28,Claire,Stidwill,clairestidwill@msn.com,332,"Black Rubber Hex Dumbbells (pair) 12.5kg",
4226,2014-02-28,Claire,Stidwill,clairestidwill@msn.com,223,"Standard Bar 6 ft",
4226,2014-02-28,Claire,Stidwill,clairestidwill@msn.com,338,"Black Rubber Hex Dumbbells (pair) 17.5kg",
4248,2014-03-03,mike,jolley,kojack@blueyonder.co.uk,3462,"Roman Chair - BH Fitness ",
4248,2014-03-03,mike,jolley,kojack@blueyonder.co.uk,3457,"Chin Up Dip Station by BH Fitness",
4291,2014-03-06,Angela,Fraioli,angelafraioli@btconnect.com,1840,"Focus 3 Exercise Bike by Horizon",
4692,2014-03-14,Paul,Norris,paulnorris84@gmail.com,3688,"Black Rubber Hex Dumbbells (pair) 50kg",
5825,2014-04-14,tester,pester,tester@inigo.net,4162,"York Fitness Active 120 Treadmill - ex hired",
5826,2014-04-15,Paul,Fraser,dan@inigo.net,4788,"York Fitness Active 120 Treadmill",
5827,2014-04-15,Paul,Fraser,dan@inigo.net,4788,"York Fitness Active 120 Treadmill",
5833,2014-04-18,Gregory,McCann,gregory.mccann@hotmail.co.uk,320,"Black Rubber Hex Dumbbells (pair) 7kg",
8616,2014-04-23,JOANNE,FURBY,joanne@furby.me.uk,1696,"E4000 Elite Elliptical Trainer",
8618,2014-04-24,andrew,burnett,chrismctaggart@live.co.uk,4162,"York Fitness Active 120 Treadmill - ex hired",
8626,2014-05-06,David,Ford,deford70@talktalk.net,1861,"Syros Elliptical Trainer",
8989,2014-05-19,Paul,Fraser,paulfraser@gmail.com,4162,"York Fitness Active 120 Treadmill - ex hired",
8994,2014-05-25,Krystyna,White,kryme@btinternet.com,1699,"Delos Pro Elliptical Trainer",
9349,2014-06-05,Beverley,Flattery,bevflattery@live.co.uk,435,"Commercial 500ml Treadmill Lubrication Pack",
9360,2014-06-11,Matt,Leavesley,matt.leavesley@gmail.com,1913,"Multi Purpose Bench and Shoulder Press Machine by BodyMax ""Pro 2"" ",
9448,2014-07-07,Daniel,Goetz,daniel.goetz@aquaterra.org,7942,"York Kettlebell Rack (for cast kb's)",
9450,2014-07-08,Laurie,Croft,freddy@croft80.freeserve.co.uk,9345,"LiveStrong LS7.9T Used Condition",
9451,2014-07-09,Laurie,Croft,freddy@croft80.freeserve.co.uk,9345,"LiveStrong LS7.9T Used Condition",
9455,2014-07-14,Stephen,McGhee,steve_mcghee@msn.com,433,"Home Use 100 ml Treadmill Lubrication Pack",
9796,2014-07-25,Chris,Chapman,chris@rockgrove.co.uk,4082,"Adventure 5 Plus Treadmill by Horizon EX &#8211; Hire",
10071,2014-07-29,Steve,Nash,stevenash@meitassociates.com,7877,"Adjustable Lumbar Support and Pad by York",
10161,2014-07-31,Anthony,Sinkinson,ajsink28@gmail.com,4032,"I-Carbon Bike by BH Fitness",
10205,2014-08-02,Audrey,Connolly,audreyandlinda@aol.com,2989,"Horizon Tempo T905 Treadmill EX HIRE",
10206,2014-08-03,Eugede,misuri,eugedemisuri@gmail.com,332,"Black Rubber Hex Dumbbells (pair) 12.5kg",
10415,2014-08-12,Connie,Bonsall,conniebonsall@hotmail.co.uk,1699,"Delos Pro Elliptical Trainer",
10416,2014-08-13,Rachel,Weeks,dutz82@yahoo.com,7877,"Adjustable Lumbar Support and Pad by York",
10422,2014-08-24,Kieran,McManus,family@mactheknife.org,7915,"Chest Strap Transmitter by York",
10438,2014-08-29,Allan,Blair,ajr_blair@yahoo.co.uk,4151,"York Fitness Perform 210 Treadmill - ex hired",
10514,2014-09-17,Carl,Wynne,bigwynne1336@hotmail.com,10274,"York 45kg Pro-Style Barbell",
10718,2014-10-05,Sean,Woodford,sean.woodford@aon.co.uk,7879,"Adjustable Wrist Support by York",
10720,2014-10-07,Claire,Black,pookster_179@hotmail.com,8599,"Leather Speed Hook and Jab Pads BBE Pro",
10722,2014-10-08,bb,bb,m@m.com,4006,"Spada GSG Indoor Cycle by BH Fitness",
10734,2014-10-10,Rupert,Lywood,rupertlywood@me.com,10336,"F15 Treadmill by BH Fitness",
10736,2014-10-13,kieran,NICOL,kierannicol@hotmail.com,4195,"i-F4R Treadmill by BH Fitness",
10738,2014-10-14,Karl,Gallimore,karl_gallimore@hotmail.com,8201,"York Perform 210 Crosstrainer",
10811,2014-10-16,Anna,Cordiner,banna76@hotmail.com,4162,"York Fitness Active 120 Treadmill - ex hired",
10834,2014-10-21,George,Knights,george.knights@btinternet.com,10465,"FDC19 Crosstrainer by BH Fitness",
10834,2014-10-21,George,Knights,george.knights@btinternet.com,390,"6 Piece interlocking foam mats",
10836,2014-10-21,christopher,dean,chris@hartfields.com,10817,"Variation #10817 of Kay Metzeler Deluxe Mat",
10863,2014-11-01,Sean,Bryson,seanbryson@rocketmail.com,8482,"York 2 Sided A-Frame Rack for 1.25 kg to 25 kg",
10864,2014-11-03,Imogen,Oates,ioates@1508london.com,288,"12.5 kg Chrome Dumbbells ",
10950,2014-11-08,David,Garrard,dngarrard@ntlworld.com,7915,"Chest Strap Transmitter by York",
11074,2014-11-14,Elaine,Smith,elaineangelasmith@hotmail.co.uk,4012,"F1 Smart Treadmill by BH Fitness ex hired","8 weeks"
11110,2014-11-17,Chris,Battersby,chris@wickwoods.co.uk,10817,"Variation #10817 of Kay Metzeler Deluxe Mat",
11301,2014-11-24,Tony,Widdicombe,tony.widdicombe@talk21.com,10336,"F15 Treadmill by BH Fitness",
11339,2014-11-29,Rachel,Weeks,dutz82@yahoo.com,7877,"Adjustable Lumbar Support and Pad by York",
11371,2014-12-04,Andrew,Kean,andrew.kean@firstpointusa.com,10375,"F9 Treadmill by BH Fitness","8 weeks"
11388,2014-12-11,Christine,Bracken,chr1st1nebracken23@gmail.com,10731,"NordicTrack E12 Folding Elliptical Cross Trainer (EX Hire)",
11389,2014-12-15,Jackie,Holland,jaja_jaho@yahoo.co.uk,10731,"NordicTrack E12 Folding Elliptical Cross Trainer (EX Hire)",
11390,2014-12-16,Colin,Bowley,colin.bowley@sussexcricket.co.uk,10968,"Variation #10968 of Kay Metzeler Deluxe Agility Mat",
11395,2015-01-04,Richard,Imrie,richard.imrie@hotmail.co.uk,3684,"Black Rubber Hex Dumbbells (pair) 40kg",
11399,2015-01-08,Richard,Imrie,richard.imrie@hotmail.co.uk,3844,"Impact Rubber Flooring",
11400,2015-01-11,Ernest,Ezimoha,ernestzims@yahoo.co.uk,11215,"C8000 Upright Cycle Ex Demo",
11401,2015-01-13,Gowri,Vijayan,gowrivijayan@gmail.com,4012,"F1 Smart Treadmill by BH Fitness ex hired","16 weeks"
11402,2015-01-13,Louise,Wilson,weasychops@googlemail.com,4216,"I-F2W Treadmill by BH Fitness","6 weeks"
11405,2015-01-14,Pamela,Spalding,pamspalding@hotmail.com,4151,"York Fitness Perform 210 Treadmill - ex hired","8 weeks"
11406,2015-01-14,Iona,Hamilton,iona.hamilton75@gmail.com,1665,"The Horizon Omega 2 Treadmill EX Hire","16 weeks"
11409,2015-01-18,Louise,Wilson,weasychops@googlemail.com,4216,"I-F2W Treadmill by BH Fitness","6 weeks"
11438,2015-01-19,Kirsten,Thomson,nosmohtnetsrik@hotmail.com,10508,"Elite T3000 Ex Hire by Horizon","8 weeks"
11499,2015-01-30,claire,mcguckin,claire.mcguckin@sky.com,4162,"York Fitness Active 120 Treadmill - ex hired","8 weeks"
11502,2015-02-02,Paul,Lister,lister367@btinternet.com,3764,"1 to 10 kg Chrome Hand Weights with Rack",
11503,2015-02-02,Paul,Lister,lister367@btinternet.com,3764,"1 to 10 kg Chrome Hand Weights with Rack",
11510,2015-02-04,Arlene,Katorza,arlenekatorza@hotmail.com,2989,"Horizon Tempo T905 Treadmill EX HIRE","8 weeks"
11511,2015-02-08,Vivian,"van Breest",vivianvbreestsm@hotmail.com,10375,"F9 Treadmill by BH Fitness",
11512,2015-02-08,Vivian,"van Breest",vivianvbreestsm@hotmail.com,10375,"F9 Treadmill by BH Fitness",
11513,2015-02-10,Stephanie,Irvine,stephirvine57@gmail.com,433,"Home Use 100 ml Treadmill Lubrication Pack",
11515,2015-02-11,Alan,Rowley,rowleyalan@sky.com,433,"Home Use 100 ml Treadmill Lubrication Pack",
11530,2015-02-22,Gillian,Auld,gillianhalley@btinterney.com,8201,"York Perform 210 Crosstrainer",
11536,2015-02-26,Jayne,Shephard,jayne.shephard@energiquefitness.co.uk,356,"Black Cast 8kg Kettlebell",
11537,2015-02-26,Robert,Henuz,robhenuzz@gmail.com,7889,"York Floor Guard w/edge - 4 tiles",
11538,2015-02-27,Sean,Bryson,seanbryson@hotmail.co.uk,8482,"York 2 Sided A-Frame Rack for 1.25 kg to 25 kg",
11558,2015-03-09,Stephen,Rose,stephenroseontour@hotmail.com,7854,"Vinyl Locking Collar Pair Standard 1"" by York",
11570,2015-03-12,Marian,Tytler,marian9057@aol.com,8242,"York Perform 220 Exercise Cycle","8 weeks"
11575,2015-03-14,Shaheen,Khan,sheena_khan@msn.com,8236,"York Perform 210 Exercise Cycle",
11590,2015-03-21,Lamya,Kamal,lamya.kamal@gmail.com,1699,"Delos Pro Elliptical Trainer Ex Demo",
11591,2015-03-23,Bernadette,Scanlan,bernies1403@aol.com,10465,"FDC19 Crosstrainer by BH Fitness","6 weeks"
11593,2015-03-23,Jason,Finch,jason@port80.com,3999,"SB3 Pro Magnetic Indoor Cycle by BH Fitness",
11603,2015-03-29,Agnieszka,Juncewicz,freedom4lifeuk@gmail.com,8227,"York Active 110 Exercise Cycle",
11605,2015-03-30,Joanna,evans,joannale1@hotmail.co.uk,8272,"6 Inch Stackable Plyo Box by York",
11607,2015-04-02,Lee,Spendiff,lee@bodymotiv8.co.uk,11525,"Nordictrack 12.0 Folding Elliptical Crosstrainer",
11645,2015-04-11,Mel,Crowther,mel_crowther@hotmail.com,1665,"The Horizon Omega 2 Treadmill EX Hire","8 weeks"
11668,2015-04-16,Nora,Struckmeier,nstruckmeier@btinternet.com,10375,"F9 Treadmill by BH Fitness","8 weeks"
11669,2015-04-16,"weng  keat",choi,addychoi@hotmail.co.uk,10974,"Variation #10974 of Kay Metzeler Deluxe Agility Mat",
11670,2015-04-16,"weng keat",choi,addychoi@hotmail.co.uk,10817,"Variation #10817 of Kay Metzeler Deluxe Mat",
11691,2015-04-20,Kevin,Fairclough,kevin@kascoservices.co.uk,1699,"Delos Pro Elliptical Trainer Ex Demo","8 weeks"
11692,2015-04-21,Christine,Crearie,christine.crearie@ntlworld.com,10472,"TFC19 Crosstrainer by BH Fitness","6 weeks"
11717,2015-05-05,MItch,Amachi,mitch@mi7records.com,11666,"X1500 Crosstrainer by Vision Fitness",
11718,2015-05-10,Sarah,Dixon,sarahdixon_13@hotmail.com,8211,"York Perform 230 Crosstrainer","8 weeks"
11720,2015-05-12,Gareth,Graham,gdgraham@me.com,8566,"Snaplock Bag Hook BBE PRO",
11720,2015-05-12,Gareth,Graham,gdgraham@me.com,8045,"York 1.25kg Olympic Rubber &#8216;ISO-Grip&#8217; Plates",
11720,2015-05-12,Gareth,Graham,gdgraham@me.com,8049,"York 2.5kg Olympic Rubber 'ISO-Grip' Plates",
11722,2015-05-14,Nicola,Mclaren,nmclar12@caledonian.ac.uk,9420,"York Perform 220 Treadmill","8 weeks"
11742,2015-06-01,Varya,Norrie,varyanorrie@sky.com,11432,"i-F4 Treadmill by BH Fitness","6 weeks"
11743,2015-06-01,ian,lees,george@seaward-supplies.co.uk,3684,"Black Rubber Hex Dumbbells (pair) 40kg",
11745,2015-06-07,Roscoe,McInerney,roscoe.mcinerney@gmail.com,10508,"Elite T3000 Ex Hire by Horizon","6 weeks"
11745,2015-06-07,Roscoe,McInerney,roscoe.mcinerney@gmail.com,7952,"York 1 x 1 kg Neo Hex DB",
11746,2015-06-07,Pamela,Clark,pamelaxcx@hotmail.co.uk,4151,"York Fitness Perform 210 Treadmill - ex hired","12 weeks"
11747,2015-06-09,gavin,keay,gavin@gkremovals.co.uk,8563,"Heavy Duty Punch Bag Spring BBE Pro",
11747,2015-06-09,gavin,keay,gavin@gkremovals.co.uk,8566,"Snaplock Bag Hook BBE PRO",
11748,2015-06-10,Tom,Grime,t.grime@hotmail.com,7828,"Treadmill Lube and Walk by York",
11750,2015-06-14,Mureen,Hunt,mureen444@gmail.com,10293,"M400 Prince Massage Chair by BH Fitness",
11751,2015-06-15,Gursharon,Dosanjh,pttruefitness@gmail.com,10974,"Variation #10974 of Kay Metzeler Deluxe Agility Mat",
11752,2015-06-16,Ed,Gale,kerigale@ymail.com,3579,"LK8250 VS Trainer Commercial - BH Fitness","6 weeks"
11817,2015-06-25,Terry,Ketteridge,terryk@stghltc.co.uk,10974,"Variation #10974 of Kay Metzeler Deluxe Agility Mat",
11828,2015-06-26,Monika,Galek,monikaga35@yahoo.co.uk,8221,"York Excel 320 Crosstrainer",
11829,2015-06-26,Dawn,Mitchell,dawn.mitchell@btconnect.com,2989,"Horizon Tempo T905 Treadmill EX HIRE","8 weeks"
11845,2015-07-11,gavin,swainston,gavin.swainston@yahoo.co.uk,7854,"Vinyl Locking Collar Pair Standard 1"" by York",
11846,2015-07-13,kevin,dobbie,kevindobbie@hotmail.com,10354,"F12 Treadmill by BH Fitness","6 weeks"
11850,2015-07-15,John,Kearney,johnkearneybl@btinternet.com,8252,"York STS Double Bar Holders for Power Rack (Pair)",
12056,2015-08-03,Gill,McKay,gillmckay@hotmail.com,8196,"York Active 120 Crosstrainer","8 weeks"
12063,2015-08-17,Gayle,Chalker,rgg1967@hotmail.com,10375,"F9 Treadmill by BH Fitness","8 weeks"
12064,2015-08-18,kurt,verhoeven,kurt@chandlersports.co.uk,1665,"The Horizon Omega 2 Treadmill EX Hire",
12104,2015-09-03,Gordon,Findlay,gordonf5@live.com,10385,"F5 Treadmill ex hire by BH Fitness","8 weeks"
12107,2015-09-07,MARY,Washington-Smith,marywashingtonsmith@btinternet.com,2935,"AB MXR 1 kg",
12107,2015-09-07,MARY,Washington-Smith,marywashingtonsmith@btinternet.com,3753,"Ab Cradle",
12108,2015-09-11,louise,williams,louise.williams@live.co.uk,8330,"York Soft ankle/wrist weights 2 x 2kg",
12126,2015-10-08,Angela,Richardson,saranickchamonix@gmail.com,10354,"F12 Treadmill by BH Fitness","6 weeks"
12127,2015-10-11,Larisa,Blazic,lab_web@hotmail.com,267,"1 Kg Chrome Dumbbells ",
12131,2015-10-25,Caroline,Ward,caroline27702@aol.com,9420,"York Perform 220 Treadmill","10 weeks"
12132,2015-10-25,Claudine,Johnston,claudine_irvine@hotmail.co.uk,3970,"G260 Khronos Crosstrainer by BH Fitness","6 weeks"
12133,2015-10-25,April,Hill,arc2304@yahoo.co.uk,8451,"8 kg Medicine Ball with Handles by York",
12135,2015-10-27,gary,fleming,garyflemingg1@yahoo.co.uk,10486,"Class Bike 2 Ex Demo by BH Fitness","6 weeks"
12176,2015-11-06,Sharon,Riddell,riddellsdn@btinternet.com,9420,"York Perform 220 Treadmill","12 weeks"
12178,2015-11-09,Steve,Dent,steve@thedents.freeserve.co.uk,10968,"Variation #10968 of Kay Metzeler Deluxe Agility Mat",
12179,2015-11-11,David,Peacock,bigpeak10@yahoo.co.uk,1701,"Elite U4000 Exercise Bike by Horizon ex hire","6 weeks"
12196,2015-11-30,Sarah,Webb,sarahewebb@hotmail.co.uk,9420,"York Perform 220 Treadmill","6 weeks"
12199,2015-12-08,John,McNulty,johnmcnulty35@yahoo.co.uk,4216,"I-F2W Treadmill by BH Fitness","12 weeks"
12209,2015-12-15,Daniel,Adams,dan@wesuckatcomputers.com,8035,"35 kg Pro Style DB by York",
12209,2015-12-15,Daniel,Adams,dan@wesuckatcomputers.com,8039,"40 kg Pro Style DB by York",
12210,2015-12-17,Tracey,Lawson,traceylawson@btopenworld.com,10508,"Elite T3000 Ex Hire by Horizon","8 weeks"
12212,2015-12-28,Daniel,James,octopusdeej@googlemail.com,11882,"York 10kg Olympic Green Rubber Bumper Plate",
12215,2016-01-03,Zoe,Leitch,zoeleitch@icloud.com,10354,"F12 Treadmill by BH Fitness","8 weeks"
12216,2016-01-04,karen,low,karenlow2222@hotmail.com,4216,"I-F2W Treadmill by BH Fitness","6 weeks"
12217,2016-01-04,Kath,McCaffrey,kathmccaffrey@googlemail.com,8221,"York Excel 320 Crosstrainer","8 weeks"
12219,2016-01-04,Fiona,Graham,fiona_7884@hotmail.com,9420,"York Perform 220 Treadmill","8 weeks"
12220,2016-01-05,Caroline,McCann,caroline.mccann@rbc.com,10465,"FDC19 Crosstrainer by BH Fitness","8 weeks"
12221,2016-01-06,Francesca,Simpson,cesca86@hotmail.com,10508,"Elite T3000 Ex Hire by Horizon","10 weeks"
12223,2016-01-11,Carol,Beattie,etheboom@btinternet.com,4162,"York Fitness Active 120 Treadmill - ex hired",
12225,2016-01-13,Pamela,Cottam,pamelasuzanne.dawson@gmail.com,8232,"York Active 120 Exercise Cycle","6 weeks"
12226,2016-01-14,Louise,Sinclair,loupops@sky.com,10472,"TFC19 Crosstrainer by BH Fitness","6 weeks"
12227,2016-01-15,Charles,Ward,charlie.ward@hotmail.com,7998,"25 kg Pro Style Barbell by York",
12229,2016-01-20,Laura,Lunn,lorajay@hotmail.com,10354,"F12 Treadmill by BH Fitness","6 weeks"
12230,2016-01-23,Daniel,Adams,dan@wesuckatcomputers.com,8035,"35 kg Pro Style DB by York",
12231,2016-01-25,Nichola,Martin,nichola_martin20@hotmail.com,4216,"I-F2W Treadmill by BH Fitness","6 weeks"
12232,2016-01-27,Chris,Manning,chrismanning@blueyonder.co.uk,7854,"Vinyl Locking Collar Pair Standard 1"" by York",
12235,2016-02-01,Ema,Stojanovic,stojanovic.ema.3@gmail.com,1701,"Elite U4000 Exercise Bike by Horizon ex hire","6 weeks"
12236,2016-02-09,Eunice,Graham,eunicegraham@gmail.com,10385,"F5 Treadmill ex hire by BH Fitness","6 weeks"
12237,2016-02-09,Eunice,Graham,eunicegraham@gmail.com,274,"4 kg Chrome Dumbbells ",
12238,2016-02-10,Dan,Baumann,dan@creative-storm.co.uk,9420,"York Perform 220 Treadmill","12 weeks"
12240,2016-02-14,Robyn,Kindred,rizzo_8796@yahoo.co.uk,8149,"York FTS Olympic Fixed Flat Bench",
12241,2016-02-15,Matt,Ashworth,mr.ashworth@gmail.com,8285,"York STS Power Rack",
12242,2016-02-16,Win,Park,winneepark-@hotmail.com,12187,"York Fitness 3000 Series TII Treadmill - ex hired","10 weeks"
12243,2016-02-17,Mary,Duffy,kathyparis222@gmail.com,4162,"York Fitness Active 120 Treadmill - ex hired","34 weeks"
12248,2016-02-23,Brian,Mearns,brian_mearns@hotmail.co.uk,10472,"TFC19 Crosstrainer by BH Fitness","6 weeks"
12251,2016-03-02,Gordon,Ross,g.w.ross@hotmail.com,8472,"York Cast Iron 16kg Kettlebell",
12252,2016-03-05,Stephen,Robinson,robinson2012@hotmail.co.uk,8593,"6 Inch Leather Peanut Speed Ball BBE Pro",
12253,2016-03-06,Jennifer,Blankley,theblankleys@aol.com,7877,"Adjustable Lumbar Support and Pad by York",
12254,2016-03-07,LINDA,JAMES,booby_trap@hotmail.co.uk,8159,"York FTS Lat Pull Down",
12256,2016-03-08,Jaime,Webb,info@crossfitexe.com,8078,"York 6ft Olympic Aluminium Technique Bar",
12257,2016-03-09,Gary,Macaulay,gary-macaulay@live.co.uk,8196,"York Active 120 Crosstrainer","8 weeks"
12258,2016-03-10,Paul,Gibson,paul.gibson@purenet.co.uk,3680,"Black Rubber Hex Dumbbells (pair) 35kg",
12260,2016-03-16,Robert,Radford,r.reynolds@energy-fitpro.co.uk,3676,"Black Rubber Hex Dumbbells (pair) 32.5kg",
12261,2016-03-16,Robert,Radford,r.reynolds@energy-fitpro.co.uk,3676,"Black Rubber Hex Dumbbells (pair) 32.5kg",
12263,2016-03-17,Lisa,Matheson,zen125859@zen.co.uk,10385,"F5 Treadmill ex hire by BH Fitness","8 weeks"
12263,2016-03-17,Lisa,Matheson,zen125859@zen.co.uk,10482,"Atlantic Crosstrainer by BH Fitness","8 weeks"
12265,2016-03-22,Ross,Spedding,deb091@outlook.com,8389,"9 Inch Floor to Ceiling Ball Set by York",
12266,2016-03-22,Paul,Gibson,paul.gibson@purenet.co.uk,3682,"Black Rubber Hex Dumbbells (pair) 37.5kg",
12267,2016-03-28,Colin,Adams,colzoeadams@btinternet.com,10385,"F5 Treadmill ex hire by BH Fitness","6 weeks"
12268,2016-03-28,Richard,Arnold,richparnold@hotmail.com,3970,"G260 Khronos Crosstrainer by BH Fitness","6 weeks"
12270,2016-03-29,Caroline,McCann,caroline.mccann@rbc.com,3970,"G260 Khronos Crosstrainer by BH Fitness","6 weeks"
12271,2016-03-29,Matt,Ashworth,matt@assuredit.com,8285,"York STS Power Rack",
12271,2016-03-29,Matt,Ashworth,matt@assuredit.com,8291,"York STS Flat Bench",
12271,2016-03-29,Matt,Ashworth,matt@assuredit.com,241,"86 inch Olympic Power Bar 1500lb",
12271,2016-03-29,Matt,Ashworth,matt@assuredit.com,11918,"200kg Big Boss Pack ISO Olympic Plates",
12271,2016-03-29,Matt,Ashworth,matt@assuredit.com,8049,"York 2.5kg Olympic Rubber 'ISO-Grip' Plates",
12271,2016-03-29,Matt,Ashworth,matt@assuredit.com,11912,"York 1.25kg Olympic Rubber 'ISO-Grip' Plates",
12271,2016-03-29,Matt,Ashworth,matt@assuredit.com,8120,"York Olympic Spring Collars",
12279,2016-04-05,Graham,Hughes,graham_c_hughes@yahoo.co.uk,8221,"York Excel 320 Crosstrainer","8 weeks"
12282,2016-04-11,Jen,McEwan,jenmcewan@hotmail.co.uk,10375,"F9 Treadmill by BH Fitness","6 weeks"
12283,2016-04-17,Debbie,Paterson,debbiepaterson71@yahoo.co.uk,12187,"York Fitness 3000 Series TII Treadmill - ex hired","6 weeks"
12285,2016-04-18,"W J",Stewart,jakeslade@sky.com,10375,"F9 Treadmill by BH Fitness",
12286,2016-04-18,"W J",STEWART,jakeslade@sky.com,10375,"F9 Treadmill by BH Fitness",
12287,2016-04-19,Leanne,Watson,leannewatson1500@hotmail.com,3992,"Class Bike 2 Indoor Cycle by BH Fitness","6 weeks"
12289,2016-04-25,ssadds,dsada,example@example.com,4006,"Spada GSG Indoor Cycle by BH Fitness",
12290,2016-04-25,lisw,smith,liza82@hotmail.com,4012,"F1 Smart Treadmill by BH Fitness ex hired","8 weeks"
12292,2016-04-27,Angela,Watson,halcyon359@btinternet.com,8216,"York Excel 310 Crosstrainer","8 weeks"
12293,2016-04-27,Anais,Descarries,anaisdescarries@hotmail.com,1115,"LK5000 Commercial Rowing Machine - BH Fitness",
12295,2016-04-29,Lizzie,McNair,lizziefmcnair@yahoo.co.uk,10470,"Outwalk (Outdoor) by BH Fitness","8 weeks"
12302,2016-05-04,Graeme,Geddes,graemedgeddes@btinternet.com,8293,"York STS Flat to Incline Bench",
12304,2016-05-06,Chris,Innes,innes311@hotmail.com,12187,"York Fitness 3000 Series TII Treadmill - ex hired","6 weeks"
12317,2016-05-07,Garry,Bridges,gbpower@btinternet.com,8015,"12.5 kg Pro Style DB by York",
12317,2016-05-07,Garry,Bridges,gbpower@btinternet.com,3753,"Ab Cradle",
12317,2016-05-07,Garry,Bridges,gbpower@btinternet.com,8010,"7.5 kg Pro Style DB by York",
12318,2016-05-09,Daniel,Adams,dan_adams@mailcan.com,8039,"40 kg Pro Style DB by York",
12320,2016-05-15,Robyn,Kindred,volbeat4eva@gmail.com,8149,"York FTS Olympic Fixed Flat Bench",
12322,2016-05-20,Angus,Hay,contact@thesmartresource.com,4006,"Spada GSG Indoor Cycle by BH Fitness","20 weeks"
12323,2016-05-20,Kurt,Verhoeven,kurt@chandlersports.co.uk,4162,"York Fitness Active 120 Treadmill - ex hired","8 weeks"
12324,2016-05-21,David,Pyetan,dpyetan@btinternet.com,12067,"Inspire BL1 Multi-Station",
12328,2016-05-23,Eunice,Graham,eunicegraham@gmail.com,12187,"York Fitness 3000 Series TII Treadmill - ex hired","6 weeks"
12332,2016-05-25,Fiona,Sweeney,fionaasweeney@yahoo.com,10354,"F12 Treadmill by BH Fitness","8 weeks"
12332,2016-05-25,Fiona,Sweeney,fionaasweeney@yahoo.com,3605,"Duke H925 Magnetic Indoor Cycle - BH Fitness","6 weeks"
12334,2016-05-28,pamela,watt,gepwatt@sky.com,10465,"FDC19 Crosstrainer by BH Fitness","6 weeks"
12338,2016-06-02,"Dan - ORDER TEST DO NOT FULFIL",Frydman,dan@inigo.net,8106,"15 kg Rubber Hex Dumbbell by York",
12374,2016-06-27,Michael,Gilliver,gilliver.michael@gmail.com,8267,"York Solid Oak Insert for Half Rack And College Rack",
12375,2016-06-28,Peter,Harrodine,peter.harrodine@hotmail.com,11432,"i-F4 Treadmill by BH Fitness","6 weeks"
12396,2016-07-01,Katie,Graham,kgraham1982@hotmail.co.uk,10465,"FDC19 Crosstrainer by BH Fitness","6 weeks"
12511,2016-07-24,Gary,Macaulay,gary-macaulay@live.co.uk,3992,"Class Bike 2 Indoor Cycle by BH Fitness","6 weeks"
12519,2016-07-25,Nick,Ryder,nickryder@live.co.uk,11909,"35kg Rubber Hex Dumbbell by York",
12643,2016-08-06,Daniel,Adams,dan_adams@mailcan.com,8291,"York STS Flat Bench",
12716,2016-08-14,Garry,Bridges,gbpower1@btinternet.com,8010,"7.5 kg Pro Style DB by York",
12762,2016-08-22,Shazan,Manaf,spshazshaz@yahoo.co.uk,8006,"2.5 kg Pro Style DB by York",
12762,2016-08-22,Shazan,Manaf,spshazshaz@yahoo.co.uk,8008,"5 kg Pro Style DB by York",
12763,2016-08-23,Elizabeth,Brady,elizabethbrady4@icloud.com,4162,"York Fitness Active 120 Treadmill - ex hired","8 weeks"
12823,2016-09-14,Mark,Shanks,sparkygb@gmail.com,4162,"York Fitness Active 120 Treadmill - ex hired","8 weeks"
12824,2016-09-15,Dean,Garratt,d.garratt@hotmail.com,8259,"York STS Dip Attachment for College and Half Rack",
12824,2016-09-15,Dean,Garratt,d.garratt@hotmail.com,8280,"York STS Multi-Functional Bench",
12824,2016-09-15,Dean,Garratt,d.garratt@hotmail.com,8301,"York STS Glute Hamstring Machine",
12828,2016-09-16,Timea,Nanasi,timinanasi@hotmail.com,11432,"i-F4 Treadmill by BH Fitness",
12829,2016-09-17,jean,martyn,kamlai.mui@yahoo.com,8480,"York Cast Iron 32kg Kettlebell",
12830,2016-09-20,Daniel,Adams,dan_adams@mailcan.com,8043,"50 kg Pro Style DB by York",
12831,2016-09-20,Anabela,Bolgar,anabela.bolgar@gmail.com,7887,"Adjustable Stabilised Knee Support by York",
12832,2016-09-22,mary,jon,maryjon67@mail.net,8480,"York Cast Iron 32kg Kettlebell",
12879,2016-09-30,Susan,Mclardy,susanmclardy@uk.ibm.com,10375,"F9 Treadmill by BH Fitness","6 weeks"
12897,2016-10-01,Chris,Gallagher,chrisg3103@hotmail.co.uk,7915,"Chest Strap Transmitter by York",
12898,2016-10-02,Declan,Grimes,decky.grimes@btinternet.com,7854,"Vinyl Locking Collar Pair Standard 1"" by York",
12903,2016-10-07,Declan,Grimes,decky.grimes@btinternet.com,7854,"Vinyl Locking Collar Pair Standard 1"" by York",
12905,2016-10-06,Declan,Grimes,decky.grimes@btinternet.com,7854,"Vinyl Locking Collar Pair Standard 1"" by York",
12906,2016-10-08,Nathan,Punzalan,nathanpunzalan@live.com,8356,"Folding Height Adjustable Punch Bag Stand by York",
12908,2016-10-19,Melanie,Francis,mel.francis@btinternet.com,8149,"York FTS Olympic Fixed Flat Bench",
12913,2016-11-01,Timothy,Jones,timothy.jones6@ntlworld.com,12075,"Inspire Fitness M1 Multi Gym",
12916,2016-11-04,Sarah,Park,s.park@abertay.ac.uk,1712,"Merit V2000 Vibration Plate",
12930,2016-11-23,gary,banks,gary.banks51@ntlworld.com,8027,"25 kg Pro Style DB by York",
14235,2016-12-01,Michelle,Blackwell,michellemblackwell@btinternet.com,10552,"Fitkase (I.Concept) by BH Fitness",
15171,2016-12-28,Eddie,Brown,ejlbrown@hotmail.com,8022,"20 kg Pro Style DB",
15171,2016-12-28,Eddie,Brown,ejlbrown@hotmail.com,8025,"22.5 kg Pro Style DB by York",
15171,2016-12-28,Eddie,Brown,ejlbrown@hotmail.com,8027,"25 kg Pro Style DB by York",
15171,2016-12-28,Eddie,Brown,ejlbrown@hotmail.com,8029,"27.5 kg Pro Style DB by York",
15572,2016-12-30,L,Thompson,otmassive@hotmail.com,8569,"7 Inch Leather Floor to Ceiling Ball Set BBE Pro",
15682,2017-01-01,Sarah,Edwards,sarah.edwards235@gmail.com,12183,"York Fitness 5000 Series TI Treadmill",
15688,2017-01-04,Laura,Lunn,lorajay@hotmail.com,11432,"i-F4 Treadmill by BH Fitness",
15816,2017-01-06,Robyn,Kindred,rizzo_8796@yahoo.co.uk,8293,"York STS Flat to Incline Bench",
15817,2017-01-08,Norma-Jean,Brice-Bruce,thesteadingchildminding@outlook.com,4216,"I-F2W Treadmill by BH Fitness",
15818,2017-01-08,kurt,verhoeven,kurt@chandlersports.co.uk,4216,"I-F2W Treadmill by BH Fitness",
15819,2017-01-08,"Norma Jean","Brice Bruce",thesteadingchildminding@outlook.com,2989,"Horizon Tempo T905 Treadmill EX HIRE",
15820,2017-01-08,"Norma Jean","Brice Bruce",thesteadingchildminding@outlook.com,2989,"Horizon Tempo T905 Treadmill EX HIRE",
15821,2017-01-08,Glenda,Cooper,cattoglenda@aol.co.uk,10385,"F5 Treadmill ex hire by BH Fitness",
